Hype Parameter,MCTS Win,MCTS Lose,Draw
1.1,942,47,11
1.2000000000000002,937,44,19
1.3000000000000003,921,63,16
1.4000000000000004,937,45,18
1.5000000000000004,935,52,13
1.6000000000000005,937,48,15
1.7000000000000006,948,44,8
1.8000000000000007,937,44,19
1.9000000000000008,914,65,21
2.000000000000001,933,56,11
