Hype Parameter,MCTS Win,MCTS Lose,Draw
2.1,939,44,17
2.2,938,52,10
2.3000000000000003,947,42,11
2.4000000000000004,942,47,11
2.5000000000000004,925,54,21
2.6000000000000005,943,44,13
2.7000000000000006,940,42,18
2.8000000000000007,950,36,14
2.900000000000001,943,47,10
3.000000000000001,941,47,12
