Hype Parameter,MCTS Win,MCTS Lose,Draw
3.1,943,45,12
3.2,925,58,17
3.3000000000000003,948,42,10
3.4000000000000004,935,50,15
3.5000000000000004,939,49,12
3.6000000000000005,939,46,15
3.7000000000000006,943,43,14
3.8000000000000007,943,43,14
3.900000000000001,944,47,9
4.000000000000001,945,43,12
