Hype Parameter,MCTS Win,MCTS Lose,Draw
4.1,945,41,14
4.199999999999999,940,50,10
4.299999999999999,936,50,14
4.399999999999999,952,40,8
4.499999999999998,931,56,13
4.599999999999998,930,45,25
4.6999999999999975,943,44,13
4.799999999999997,936,51,13
4.899999999999997,927,53,20
4.9999999999999964,926,55,19
