Hype Parameter,MCTS Win,MCTS Lose,Draw
0.1,933,55,12
0.2,932,53,15
0.30000000000000004,932,54,14
0.4,947,41,12
0.5,932,55,13
0.6,927,50,23
0.7000000000000001,938,51,11
0.8,927,61,12
0.9,946,44,10
1.0,939,47,14
